{
  "requestId": "RQST00001",
  "requestedBy": "Bianca White",
  "requestI18NInfo": {
    "localeName": "United States",
    "localeCode": "en-us",
    "timezone": "Apia Standard Time (Pacific/Apia)",
    "currencyName": "United States Dollar",
    "currencyCode": "USD"
  },
  "requestMode": "Minimal",
  "adServerInstanceId": "INS0491032",
  "adServerCode": "Wide-Orbit",
  "adServerApplicationName": "Wide-Orbit",
  "accounts":
  [
    {
      "id": "c7890ffa-bd35-f3ef-38f8-4c649xxxxxxf",
      "accountType": "Advertiser",
      "accountCode": "00xxx000xxxxk30YAD",
      "status": "InActive",
      "relatedAccounts": [],
      "tentativeMappingId": "",
      "additionalFields": {},
      "attributes": {}
    }
  ]
}