<?xml version='1.0' encoding='UTF-8'?>
<types:mule xmlns:types="http://www.mulesoft.org/schema/mule/types">
  <types:catalog>
    <types:type name="auto_3cb2f58a-ce71-4f36-bd8e-3f434b3ea8b0_Output-Payload" format="json">
      <types:shape format="weave" example="weave/autogenerated/3cb2f58a-ce71-4f36-bd8e-3f434b3ea8b0/Output-Payload.wev" autogeneratedOrigin="8382cb42-f01a-48a0-a2c5-4c808c2b720b"><![CDATA[%dw 2.0

type auto_3cb2f58a_ce71_4f36_bd8e_3f434b3ea8b0_Output_Payload = {
  result: {
    verboseMessage?: String, 
    code?: Number, 
    additionalStatus?: {
      additionField1?: Any, 
      _?: Any
    } {"description": "The additional status for individual transactions."}, 
    adServerLogId?: String, 
    shortMessage?: String, 
    status?: "success" | "error", 
    _?: Any
  } {"description": "A standard result."}, 
  requestedBy: String, 
  minimalResults?: Array<{    additionField1?: Any,     _?: Any  } {"description": "A key-value pair map."}> {"description": "The minimal response."}, 
  additionalFields?: {
    additionField1?: Any, 
    _?: Any
  } {"description": "Additional data to send."}, 
  requestId: String, 
  detailResults?: Array<{    website?: String,     accountCode?: String,     additionalFields?: {      additionField1?: Any,       _?: Any    } {"description": "Additional optional fields the client wants to include."},     accountName?: String,     accountType?: String,     tentativeMappingId?: String,     rating?: String,     description?: String,     industry?: String,     relatedAccounts?: Array<anonymousType_20> {"description": "Accounts that are associated with this account, such as agencies, brands, or an advertiser."}, 
    accountNumber?: String, 
    parentId?: String, 
    numberOfEmployees?: Number, 
    phone?: String, 
    shippingAddress?: {
      zipcode?: String, 
      country?: String, 
      adressLine1?: String, 
      city?: String, 
      phone?: String, 
      alternatePhone?: String, 
      adressLine2?: String, 
      adressLine3?: String, 
      state?: String, 
      email?: String, 
      _?: Any
    } {"description": "The shipping address registered for this account with details such as street, city, state, and phone number."}, 
    attributes?: {
      additionField1?: Any, 
      _?: Any
    } {"description": "Additional request attributes used by wide-orbit, boostr, and flows."}, 
    id?: String, 
    adServerUserId?: String, 
    billingAddress?: {
      zipcode?: String, 
      country?: String, 
      adressLine1?: String, 
      city?: String, 
      phone?: String, 
      alternatePhone?: String, 
      adressLine2?: String, 
      adressLine3?: String, 
      state?: String, 
      email?: String, 
      _?: Any
    } {"description": "Specifies the billing address registered for this account with details such as street, city, state, and phone number."}, 
    status?: "Active" | "InActive", 
    _?: Any
  } {"description": "Details of an account."}> {"description": "The detailed response."}, 
  adServerInstanceId: String, 
  _?: Any
}
type anonymousType_20 = {
  website?: String, 
  accountCode?: String, 
  additionalFields?: {
    additionField1?: Any, 
    _?: Any
  } {"description": "Additional optional fields the client wants to include."}, 
  accountName?: String, 
  accountType?: String, 
  tentativeMappingId?: String, 
  rating?: String, 
  description?: String, 
  industry?: String, 
  relatedAccounts?: Array<anonymousType_20> {"description": "Accounts that are associated with this account, such as agencies, brands, or an advertiser."}, 
  accountNumber?: String, 
  parentId?: String, 
  numberOfEmployees?: Number, 
  phone?: String, 
  shippingAddress?: {
    zipcode?: String, 
    country?: String, 
    adressLine1?: String, 
    city?: String, 
    phone?: String, 
    alternatePhone?: String, 
    adressLine2?: String, 
    adressLine3?: String, 
    state?: String, 
    email?: String, 
    _?: Any
  } {"description": "The shipping address registered for this account with details such as street, city, state, and phone number."}, 
  attributes?: {
    additionField1?: Any, 
    _?: Any
  } {"description": "Additional request attributes used by wide-orbit, boostr, and flows."}, 
  id?: String, 
  adServerUserId?: String, 
  billingAddress?: {
    zipcode?: String, 
    country?: String, 
    adressLine1?: String, 
    city?: String, 
    phone?: String, 
    alternatePhone?: String, 
    adressLine2?: String, 
    adressLine3?: String, 
    state?: String, 
    email?: String, 
    _?: Any
  } {"description": "Specifies the billing address registered for this account with details such as street, city, state, and phone number."}, 
  status?: "Active" | "InActive", 
  _?: Any
} {"description": "Details of an account."}



]]></types:shape>
    </types:type>
    <types:type name="auto_3cb2f58a-ce71-4f36-bd8e-3f434b3ea8b0_Input-Variables-outboundHeaders" format="java">
      <types:shape format="weave" example="weave/autogenerated/3cb2f58a-ce71-4f36-bd8e-3f434b3ea8b0/Input-Variables-outboundHeaders.wev" autogeneratedOrigin="8382cb42-f01a-48a0-a2c5-4c808c2b720b"><![CDATA[%dw 2.0

type auto_3cb2f58a_ce71_4f36_bd8e_3f434b3ea8b0_Input_Variables_outboundHeaders = {|  |}

]]></types:shape>
    </types:type>
    <types:type name="auto_3cb2f58a-ce71-4f36-bd8e-3f434b3ea8b0_Input-Variables-httpStatus" format="java">
      <types:shape format="raml" autogeneratedOrigin="8382cb42-f01a-48a0-a2c5-4c808c2b720b"><![CDATA[#%RAML 1.0 DataType
type: string]]></types:shape>
    </types:type>
    <types:type name="auto_3cb2f58a-ce71-4f36-bd8e-3f434b3ea8b0_Output-Variables-httpStatus" format="java">
      <types:shape format="raml" autogeneratedOrigin="8382cb42-f01a-48a0-a2c5-4c808c2b720b"><![CDATA[#%RAML 1.0 DataType
type: string]]></types:shape>
    </types:type>
    <types:type name="auto_3cb2f58a-ce71-4f36-bd8e-3f434b3ea8b0_Output-Attributes" format="java">
      <types:shape format="weave" example="weave/autogenerated/3cb2f58a-ce71-4f36-bd8e-3f434b3ea8b0/Output-Attributes.wev" autogeneratedOrigin="8382cb42-f01a-48a0-a2c5-4c808c2b720b"><![CDATA[%dw 2.0

type auto_3cb2f58a_ce71_4f36_bd8e_3f434b3ea8b0_Output_Attributes = Null

]]></types:shape>
    </types:type>
    <types:type name="auto_3cb2f58a-ce71-4f36-bd8e-3f434b3ea8b0_Output-Variables-originalPayload" format="java">
      <types:shape format="weave" example="weave/autogenerated/3cb2f58a-ce71-4f36-bd8e-3f434b3ea8b0/Output-Variables-originalPayload.wev" autogeneratedOrigin="8382cb42-f01a-48a0-a2c5-4c808c2b720b"><![CDATA[%dw 2.0

type auto_3cb2f58a_ce71_4f36_bd8e_3f434b3ea8b0_Output_Variables_originalPayload = Any

]]></types:shape>
    </types:type>
    <types:type name="auto_3cb2f58a-ce71-4f36-bd8e-3f434b3ea8b0_Output-Variables-outboundHeaders" format="java">
      <types:shape format="weave" example="weave/autogenerated/3cb2f58a-ce71-4f36-bd8e-3f434b3ea8b0/Output-Variables-outboundHeaders.wev" autogeneratedOrigin="8382cb42-f01a-48a0-a2c5-4c808c2b720b"><![CDATA[%dw 2.0

type auto_3cb2f58a_ce71_4f36_bd8e_3f434b3ea8b0_Output_Variables_outboundHeaders = {|  |}

]]></types:shape>
    </types:type>
    <types:type name="auto_3cb2f58a-ce71-4f36-bd8e-3f434b3ea8b0_Input-Payload" format="json">
      <types:shape format="weave" example="weave/autogenerated/3cb2f58a-ce71-4f36-bd8e-3f434b3ea8b0/Input-Payload.wev" autogeneratedOrigin="8382cb42-f01a-48a0-a2c5-4c808c2b720b"><![CDATA[%dw 2.0

type auto_3cb2f58a_ce71_4f36_bd8e_3f434b3ea8b0_Input_Payload = {
  requestI18NInfo?: {
    localeCode?: String, 
    currencyName?: String, 
    timezone?: String, 
    localeName?: String, 
    currencyCode?: String, 
    _?: Any
  } {"description": "The details about the locale, time zone, and currency configuration to be used by the request."}, 
  requestedBy: String, 
  additionalFields?: {
    additionField1?: Any, 
    _?: Any
  } {"description": "Additional optional fields to include."}, 
  requestId: String, 
  adServerCode: String, 
  attributes?: {
    additionField1?: Any, 
    _?: Any
  } {"description": "Additional request attributes used by wide-orbit, boostr, and so on, and flows."}, 
  requestMode: "Minimal" | "Detail", 
  accounts: Array<{    website?: String,     accountCode?: String,     additionalFields?: {      additionField1?: Any,       _?: Any    } {"description": "Additional optional fields the client wants to include."},     accountName?: String,     accountType?: String,     tentativeMappingId?: String,     rating?: String,     description?: String,     industry?: String,     relatedAccounts?: Array<anonymousType_18> {"description": "Accounts that are associated with this account, such as agencies, brands, or an advertiser."}, 
    accountNumber?: String, 
    parentId?: String, 
    numberOfEmployees?: Number, 
    phone?: String, 
    shippingAddress?: {
      zipcode?: String, 
      country?: String, 
      adressLine1?: String, 
      city?: String, 
      phone?: String, 
      alternatePhone?: String, 
      adressLine2?: String, 
      adressLine3?: String, 
      state?: String, 
      email?: String, 
      _?: Any
    } {"description": "The shipping address registered for this account with details such as street, city, state, and phone number."}, 
    attributes?: {
      additionField1?: Any, 
      _?: Any
    } {"description": "Additional request attributes used by wide-orbit, boostr, and flows."}, 
    id?: String, 
    adServerUserId?: String, 
    billingAddress?: {
      zipcode?: String, 
      country?: String, 
      adressLine1?: String, 
      city?: String, 
      phone?: String, 
      alternatePhone?: String, 
      adressLine2?: String, 
      adressLine3?: String, 
      state?: String, 
      email?: String, 
      _?: Any
    } {"description": "Specifies the billing address registered for this account with details such as street, city, state, and phone number."}, 
    status?: "Active" | "InActive", 
    _?: Any
  } {"description": "Details of an account."}> {"description": "The list of accounts to create."}, 
  adServerApplicationName: String, 
  adServerInstanceId: String, 
  _?: Any
} {"description": "The Account to create."}
type anonymousType_18 = {
  website?: String, 
  accountCode?: String, 
  additionalFields?: {
    additionField1?: Any, 
    _?: Any
  } {"description": "Additional optional fields the client wants to include."}, 
  accountName?: String, 
  accountType?: String, 
  tentativeMappingId?: String, 
  rating?: String, 
  description?: String, 
  industry?: String, 
  relatedAccounts?: Array<anonymousType_18> {"description": "Accounts that are associated with this account, such as agencies, brands, or an advertiser."}, 
  accountNumber?: String, 
  parentId?: String, 
  numberOfEmployees?: Number, 
  phone?: String, 
  shippingAddress?: {
    zipcode?: String, 
    country?: String, 
    adressLine1?: String, 
    city?: String, 
    phone?: String, 
    alternatePhone?: String, 
    adressLine2?: String, 
    adressLine3?: String, 
    state?: String, 
    email?: String, 
    _?: Any
  } {"description": "The shipping address registered for this account with details such as street, city, state, and phone number."}, 
  attributes?: {
    additionField1?: Any, 
    _?: Any
  } {"description": "Additional request attributes used by wide-orbit, boostr, and flows."}, 
  id?: String, 
  adServerUserId?: String, 
  billingAddress?: {
    zipcode?: String, 
    country?: String, 
    adressLine1?: String, 
    city?: String, 
    phone?: String, 
    alternatePhone?: String, 
    adressLine2?: String, 
    adressLine3?: String, 
    state?: String, 
    email?: String, 
    _?: Any
  } {"description": "Specifies the billing address registered for this account with details such as street, city, state, and phone number."}, 
  status?: "Active" | "InActive", 
  _?: Any
} {"description": "Details of an account."}



]]></types:shape>
    </types:type>
    <types:type name="auto_3cb2f58a-ce71-4f36-bd8e-3f434b3ea8b0_Input-Attributes" format="java">
      <types:shape format="weave" example="weave/autogenerated/3cb2f58a-ce71-4f36-bd8e-3f434b3ea8b0/Input-Attributes.wev" autogeneratedOrigin="8382cb42-f01a-48a0-a2c5-4c808c2b720b"><![CDATA[%dw 2.0

type auto_3cb2f58a_ce71_4f36_bd8e_3f434b3ea8b0_Input_Attributes = {|
  clientCertificate?: {|
    publicKey?: {|  |}, 
    "type"?: String, 
    encoded?: Binary
  |}, 
  headers: {|  |}, 
  listenerPath: String, 
  method: String, 
  queryParams: {|  |}, 
  queryString: String, 
  relativePath: String, 
  remoteAddress: String, 
  requestPath: String, 
  requestUri: String, 
  scheme: String, 
  uriParams: {|  |}, 
  version: String, 
  localAddress: String
|}

]]></types:shape>
    </types:type>
  </types:catalog>
  <types:enrichment select="#3cb2f58a-ce71-4f36-bd8e-3f434b3ea8b0">
    <types:processor-declaration>
      <types:input-event>
        <types:message>
          <types:payload type="auto_3cb2f58a-ce71-4f36-bd8e-3f434b3ea8b0_Input-Payload"/>
          <types:attributes type="auto_3cb2f58a-ce71-4f36-bd8e-3f434b3ea8b0_Input-Attributes"/>
        </types:message>
        <types:variables>
          <types:variable name="outboundHeaders" type="auto_3cb2f58a-ce71-4f36-bd8e-3f434b3ea8b0_Input-Variables-outboundHeaders"/>
          <types:variable name="httpStatus" type="auto_3cb2f58a-ce71-4f36-bd8e-3f434b3ea8b0_Input-Variables-httpStatus"/>
        </types:variables>
      </types:input-event>
      <types:output-event>
        <types:message>
          <types:payload type="auto_3cb2f58a-ce71-4f36-bd8e-3f434b3ea8b0_Output-Payload"/>
          <types:attributes type="auto_3cb2f58a-ce71-4f36-bd8e-3f434b3ea8b0_Output-Attributes"/>
        </types:message>
        <types:variables>
          <types:variable name="outboundHeaders" type="auto_3cb2f58a-ce71-4f36-bd8e-3f434b3ea8b0_Output-Variables-outboundHeaders"/>
          <types:variable name="originalPayload" type="auto_3cb2f58a-ce71-4f36-bd8e-3f434b3ea8b0_Output-Variables-originalPayload"/>
          <types:variable name="httpStatus" type="auto_3cb2f58a-ce71-4f36-bd8e-3f434b3ea8b0_Output-Variables-httpStatus"/>
        </types:variables>
      </types:output-event>
    </types:processor-declaration>
  </types:enrichment>
  <types:enrichment select="#ab42fc4b-1a04-4c4a-ae86-3a04ba5c6341"/>
  <types:enrichment select="#4a7cfff0-91ce-43e9-8a16-5fb1e1f212a4"/>
</types:mule>