<?xml version="1.0" encoding="UTF-8"?>

<mule xmlns:api-gateway="http://www.mulesoft.org/schema/mule/api-gateway"
	xmlns:os="http://www.mulesoft.org/schema/mule/os"
	xmlns:apikit="http://www.mulesoft.org/schema/mule/mule-apikit" xmlns:http="http://www.mulesoft.org/schema/mule/http"
	xmlns="http://www.mulesoft.org/schema/mule/core"
	xmlns:doc="http://www.mulesoft.org/schema/mule/documentation" xmlns:xsi="http://www.w3.org/2001/XMLSchema-instance" xsi:schemaLocation="
http://www.mulesoft.org/schema/mule/mule-apikit http://www.mulesoft.org/schema/mule/mule-apikit/current/mule-apikit.xsd 
http://www.mulesoft.org/schema/mule/http http://www.mulesoft.org/schema/mule/http/current/mule-http.xsd http://www.mulesoft.org/schema/mule/core http://www.mulesoft.org/schema/mule/core/current/mule.xsd
http://www.mulesoft.org/schema/mule/os http://www.mulesoft.org/schema/mule/os/current/mule-os.xsd
http://www.mulesoft.org/schema/mule/api-gateway http://www.mulesoft.org/schema/mule/api-gateway/current/mule-api-gateway.xsd">
	
	 <http:listener-config name="media-external-accounts-integrations-api-httpListenerConfig">
        <http:listener-connection host="0.0.0.0" port="8081" />
    </http:listener-config>
    <apikit:config name="media-external-accounts-integrations-api-config" api="media-external-accounts-integrations-api.raml" outboundHeadersMapName="outboundHeaders" httpStatusVarName="httpStatus" />
    <configuration-properties doc:name="Configuration properties" doc:id="7e9c60bd-1d30-4906-bd17-2a57c82c7585" file="Properties/${mule.env}.yaml" />
	<configuration doc:name="Configuration" doc:id="36e22531-21eb-4087-a759-1b13de41bae3" defaultErrorHandler-ref="Global_Error_Handler" />
	<os:object-store name="Object_store" doc:name="Object store" doc:id="a111ea6f-8f01-426c-8ca8-9877c0eae943" maxEntries="${objectStore.max.entries}" entryTtl="${objectStore.entry.ttl}" expirationInterval="${objectStore.expiration.interval}"/>
	<api-gateway:autodiscovery apiId="${InstanceId.Id}" ignoreBasePath="true" doc:name="API Autodiscovery" doc:id="9d7f2ce3-ecbe-4a6e-be64-286774115034" flowRef="media-external-accounts-integrations-api-main" />
</mule>
