{
	"requestId": "RQST00001",
	"requestedBy": "Bianca White",
	"adServerInstanceId": "INS0491001",
	"result": {
		"status": "error",
    "code": 400,
		"additionalStatus": {
      "c7890ffa-bd35-f3ef-38f8-4c649xxxxxxf": {
        "errorMessage": "",
        "Related Accounts": [
              {
                "accountId": "00xxx000xxxxk30YEX",
                "errorMessage": ""
              },
              {}
          ]
      }
    },
		"adServerLogId": "54uy-213i-9489-3121",
    "shortMessage": "BAD_REQUEST",
    "verboseMessage": "Errors: /items/0 required key [startDate] not found."
	},
  "addtionalInfo": [],
	"minimalResults": [],
	"detailResults": [],
	"additionalFields": []
}